-- --------------------------------------------------------
-- Host:                         127.0.0.1
-- Server version:               10.1.21-MariaDB - mariadb.org binary distribution
-- Server OS:                    Win32
-- HeidiSQL Version:             9.3.0.4984
-- --------------------------------------------------------

/*!40101 SET @OLD_CHARACTER_SET_CLIENT=@@CHARACTER_SET_CLIENT */;
/*!40101 SET NAMES utf8mb4 */;
/*!40014 SET @OLD_FOREIGN_KEY_CHECKS=@@FOREIGN_KEY_CHECKS, FOREIGN_KEY_CHECKS=0 */;
/*!40101 SET @OLD_SQL_MODE=@@SQL_MODE, SQL_MODE='NO_AUTO_VALUE_ON_ZERO' */;

-- Dumping structure for table snr_new.mst_kasbank
DROP TABLE IF EXISTS `mst_kasbank`;
CREATE TABLE IF NOT EXISTS `mst_kasbank` (
  `id_kasbank` int(11) NOT NULL AUTO_INCREMENT,
  `kode_kasbank` varchar(20) DEFAULT NULL,
  `nama_kasbank` varchar(100) DEFAULT NULL,
  `norek_bank` varchar(20) DEFAULT NULL,
  `nama_bank` varchar(50) DEFAULT NULL,
  `status` tinyint(4) DEFAULT '0',
  `deskripsi_kasbank` varchar(300) DEFAULT NULL,
  `id_induk` int(1) DEFAULT '0',
  `level` int(1) DEFAULT '0',
  PRIMARY KEY (`id_kasbank`)
) ENGINE=InnoDB AUTO_INCREMENT=127 DEFAULT CHARSET=latin1;

-- Dumping data for table snr_new.mst_kasbank: ~126 rows (approximately)
/*!40000 ALTER TABLE `mst_kasbank` DISABLE KEYS */;
INSERT INTO `mst_kasbank` (`id_kasbank`, `kode_kasbank`, `nama_kasbank`, `norek_bank`, `nama_bank`, `status`, `deskripsi_kasbank`, `id_induk`, `level`) VALUES
	(1, '11000', 'ASET', '-', 'ASET', 0, '', 0, 0),
	(2, '11001', 'PETTY CASH', '-', 'PETTY CASH', 0, '-', 1, 1),
	(3, '11002', 'KAS DITANGAN IDR', '-', 'KAS DITANGAN IDR', 0, '-', 1, 1),
	(4, '11003', 'KAS DITANGAN USD', '-', 'KAS DITANGAN USD', 0, '-', 1, 1),
	(5, '11101', 'BANK MEGA IDR', '-', 'BANK MEGA IDR', 0, '-', 1, 1),
	(6, '11102', 'BANK MEGA USD', '-', 'BANK MEGA USD', 0, '-', 1, 1),
	(7, '11103', 'BANK MANDIRI 9891 IDR', '-', 'BANK MANDIRI 9891 IDR', 0, '-', 1, 1),
	(8, '11104', 'BANK MANDIRI 9909 IDR', '-', 'BANK MANDIRI 9909 IDR', 0, '-', 1, 1),
	(9, '11105', 'BANK MANDIRI 7476 USD', '-', 'BANK MANDIRI 7476 USD', 0, '-', 1, 1),
	(10, '11106', 'BANK MANDIRI 7419 IDR', '-', 'BANK MANDIRI 7419 IDR', 0, '-', 1, 1),
	(11, '11107', 'BANK MANDIRI 2620 IDR', '-', 'BANK MANDIRI 2620 IDR', 0, '-', 1, 1),
	(12, '11108', 'BANK MANDIRI 3961 IDR', '-', 'BANK MANDIRI 3961 IDR', 0, '-', 1, 1),
	(13, '12001', 'PIUTANG AFILIASI', '-', 'PIUTANG AFILIASI', 0, '-', 1, 1),
	(14, '12002', 'PIUTANG USAHA', '-', 'PIUTANG USAHA', 0, '-', 1, 1),
	(15, '12003', 'PIUTANG LAIN LAIN', '-', 'PIUTANG LAIN LAIN', 0, '-', 1, 1),
	(16, '13001', 'UANG MUKA KE SUPPLIER', '-', 'UANG MUKA KE SUPPLIER', 0, '-', 1, 1),
	(17, '13002', 'UANG MUKA GAJI', '-', 'UANG MUKA GAJI', 0, '-', 1, 1),
	(18, '13003', 'UANG MUKA ASURANSI', '-', 'UANG MUKA ASURANSI', 0, '-', 1, 1),
	(19, '13004', 'UANG MUKA BEBAN SEWA', '-', 'UANG MUKA BEBAN SEWA', 0, '-', 1, 1),
	(20, '13005', 'UANG MUKA LEASING', '-', 'UANG MUKA LEASING', 0, '-', 1, 1),
	(21, '13006', 'UANG MUKA PAJAK', '-', 'UANG MUKA PAJAK', 0, '-', 1, 1),
	(22, '13007', 'UANG MUKA BEBAN INSTALASI', '-', 'UANG MUKA BEBAN INSTALASI', 0, '-', 1, 1),
	(23, '14001', 'BAHAN BAKU (KAYU)', '-', 'BAHAN BAKU (KAYU)', 0, '-', 1, 1),
	(24, '14002', 'BAHAN BAKU (RAW BODY)', '-', 'BAHAN BAKU (RAW BODY)', 0, '-', 1, 1),
	(25, '14003', 'BAHAN PENOLONG', '-', 'BAHAN PENOLONG', 0, '-', 1, 1),
	(26, '14004', 'BARANG DALAM PROSES', '-', 'BARANG DALAM PROSES', 0, '-', 1, 1),
	(27, '14005', 'BARANG JADI', '-', 'BARANG JADI', 0, '-', 1, 1),
	(28, '15001', 'PERALATAN KANTOR', '-', 'PERALATAN KANTOR', 0, '-', 1, 1),
	(29, '15002', 'PERALATAN PRODUKSI', '-', 'PERALATAN PRODUKSI', 0, '-', 1, 1),
	(30, '15003', 'PERALATAN PENDUKUNG', '-', 'PERALATAN PENDUKUNG', 0, '-', 1, 1),
	(31, '15004', 'KENDARAAN', '-', 'KENDARAAN', 0, '-', 1, 1),
	(32, '15005', 'AKTIVA TETAP DALAM PENYELESAIAN', '-', 'AKTIVA TETAP DALAM PENYELESAIAN', 0, '-', 1, 1),
	(33, '15101', 'AK PENY. PERALATAN KANTOR', '-', 'AK PENY. PERALATAN KANTOR', 0, '-', 1, 1),
	(34, '15102', 'AK PENY. PERALATAN PRODUKSI', '-', 'AK PENY. PERALATAN PRODUKSI', 0, '-', 1, 1),
	(35, '15103', 'AK PENY. PERALATAN PENDUKUNG', '-', 'AK PENY. PERALATAN PENDUKUNG', 0, '-', 1, 1),
	(36, '15104', 'AK PENY. KENDARAAN', '-', 'AK PENY. KENDARAAN', 0, '-', 1, 1),
	(37, '16001', 'PENINGKATAN NILAI SEWA', '-', 'PENINGKATAN NILAI SEWA', 0, '-', 1, 1),
	(38, '21000', 'HUTANG', '-', 'HUTANG', 1, '-', 0, 0),
	(39, '21001', 'HUTANG BANK', '-', 'HUTANG BANK', 1, '-', 38, 1),
	(40, '21002', 'HUTANG PEMILIK', '-', 'HUTANG PEMILIK', 1, '-', 38, 1),
	(41, '22001', 'HUTANG USAHA', '-', 'HUTANG USAHA', 1, '-', 38, 1),
	(42, '22002', 'HUTANG GAJI', '-', 'HUTANG GAJI', 1, '-', 38, 1),
	(43, '22003', 'HUTANG LEASING', '-', 'HUTANG LEASING', 1, '-', 38, 1),
	(44, '22004', 'HUTANG LAIN LAIN', '-', 'HUTANG LAIN LAIN', 1, '-', 38, 1),
	(45, '23001', 'UANG MUKA DARI CUSTOMER', '-', 'UANG MUKA DARI CUSTOMER', 1, '-', 38, 1),
	(46, '31000', 'EKUITAS', '-', 'EKUITAS', 1, '-', 0, 0),
	(47, '31001', 'MODAL', '-', 'MODAL', 1, '-', 46, 1),
	(48, '32001', 'AKUMULASI LABA/RUGI', '-', 'AKUMULASI LABA/RUGI', 1, '-', 46, 1),
	(49, '32002', 'LABA/RUGI PERIODE', '-', 'LABA/RUGI PERIODE', 1, '-', 46, 1),
	(50, '38000', 'RETAINED EARNING', '-', 'RETAINED EARNING', 1, '-', 46, 1),
	(51, '39000', 'CURRENT EARNING', '-', 'CURRENT EARNING', 1, '-', 46, 1),
	(52, '39999', 'HISTORICAL BALANCING ACCOUNT', '-', 'HISTORICAL BALANCING ACCOUNT', 1, '-', 46, 1),
	(53, '41000', 'PEMASUKAN USAHA', '-', 'PEMASUKAN USAHA', 2, '-', 0, 0),
	(54, '41001', 'PENJUALAN', '-', 'PENJUALAN', 2, '-', 53, 1),
	(55, '81000', 'PENDAPATAN LAIN-LAIN', '-', 'PENDAPATAN LAIN-LAIN', 2, '-', 53, 1),
	(56, '81001', 'PENDAPATAN SELISIH KURS', '-', 'PENDAPATAN SELISIH KURS', 2, '-', 53, 1),
	(57, '81002', 'PENDAPATAN DILUAR USAHA LAINNYA', '-', 'PENDAPATAN DILUAR USAHA LAINNYA', 2, '-', 53, 1),
	(58, '81003', 'PENDAPATAN BUNGA', '-', 'PENDAPATAN BUNGA', 2, '-', 53, 1),
	(59, '51000', 'HARGA POKOK', '-', 'HARGA POKOK', 3, '-', 0, 0),
	(60, '51001', 'HARGA POKOK PENJUALAN', '-', 'HARGA POKOK PENJUALAN', 3, '-', 59, 1),
	(61, '52001', 'PEMAKAIAN BAHAN BAKU', '-', 'PEMAKAIAN BAHAN BAKU', 3, '-', 59, 1),
	(62, '52002', 'PEMAKAIAN BAHAN PENOLONG', '-', 'PEMAKAIAN BAHAN PENOLONG', 3, '-', 59, 1),
	(63, '52003', 'BEBAN PEMBELIAN', '-', 'BEBAN PEMBELIAN', 3, '-', 59, 1),
	(64, '53101', 'UPAH BORONGAN', '-', 'UPAH BORONGAN', 3, '-', 59, 1),
	(65, '53201', 'UPAH HARIAN', '-', 'UPAH HARIAN', 3, '-', 59, 1),
	(66, '53202', 'UPAH LEMBUR HARIAN', '-', 'UPAH LEMBUR HARIAN', 3, '-', 59, 1),
	(67, '53203', 'PREMI TENAGA HARIAN', '-', 'PREMI TENAGA HARIAN', 3, '-', 59, 1),
	(68, '53204', 'INSENTIF TENAGA HARIAN', '-', 'INSENTIF TENAGA HARIAN', 3, '-', 59, 1),
	(69, '53005', 'TUNJANGAN LEMBUR', '-', 'TUNJANGAN LEMBUR', 3, '-', 59, 1),
	(70, '53006', 'INSENTIF KONTAINER', '-', 'INSENTIF KONTAINER', 3, '-', 59, 1),
	(71, '53007', 'TUNJANGAN HARI RAYA', '-', 'TUNJANGAN HARI RAYA', 3, '-', 59, 1),
	(72, '54001', 'PERALATAN PRODUKSI', '-', 'PERALATAN PRODUKSI', 3, '-', 59, 1),
	(73, '54002', 'PEMELIHARAAN ALAT PRODUKSI', '-', 'PEMELIHARAAN ALAT PRODUKSI', 3, '-', 59, 1),
	(74, '54003', 'BEBAN LISTRIK & GENZET', '-', 'BEBAN LISTRIK & GENZET', 3, '-', 59, 1),
	(75, '54004', 'BEBAN INSTALASI', '-', 'BEBAN INSTALASI', 3, '-', 59, 1),
	(76, '54005', 'AMORTISASI PENINGKATAN NILAI SEWA', '-', 'AMORTISASI PENINGKATAN NILAI SEWA', 3, '-', 59, 1),
	(77, '55001', 'WIP OFFSET - RAW MATERIAL', '-', 'WIP OFFSET - RAW MATERIAL', 3, '-', 59, 1),
	(78, '55002', 'WIP OFFSET - DIRECT LABOR', '-', 'WIP OFFSET - DIRECT LABOR', 3, '-', 59, 1),
	(79, '55003', 'WIP OFFSET - FACTORY OVERHEAD', '-', 'WIP OFFSET - FACTORY OVERHEAD', 3, '-', 59, 1),
	(80, '56001', 'FG OFFSET - RAW MATERIAL', '-', 'FG OFFSET - RAW MATERIAL', 3, '-', 59, 1),
	(81, '56002', 'FG OFFSET - DIRECT LABOR', '-', 'FG OFFSET - DIRECT LABOR', 3, '-', 59, 1),
	(82, '56003', 'FG OFFSET - FACTORY OVERHEAD', '-', 'FG OFFSET - FACTORY OVERHEAD', 3, '-', 59, 1),
	(83, '61000', 'BEBAN OPERASIONAL', '-', 'BEBAN OPERASIONAL', 3, '-', 0, 0),
	(84, '61001', 'GAJI STAF', '-', 'GAJI STAF', 3, '-', 83, 1),
	(85, '61002', 'TUNJANGAN STAF', '-', 'TUNJANGAN STAF', 3, '-', 83, 1),
	(86, '61003', 'GAJI KOMANDITER', '-', 'GAJI KOMANDITER', 3, '-', 83, 1),
	(87, '61004', 'TUNJANGAN KOMANDITER', '-', 'TUNJANGAN KOMANDITER', 3, '-', 83, 1),
	(88, '61005', 'HONOR TENAGA OUTSOURCING', '-', 'HONOR TENAGA OUTSOURCING', 3, '-', 83, 1),
	(89, '61006', 'HONOR TENAGA AHLI', '-', 'HONOR TENAGA AHLI', 3, '-', 83, 1),
	(90, '62001', 'BEBAN LOADING', '-', 'BEBAN LOADING', 3, '-', 83, 1),
	(91, '62002', 'BEBAN EXPORT', '-', 'BEBAN EXPORT', 3, '-', 83, 1),
	(92, '63001', 'BEBAN TELEPHONE', '-', 'BEBAN TELEPHONE', 3, '-', 83, 1),
	(93, '63002', 'PERLENGKAPAN KANTOR', '-', 'PERLENGKAPAN KANTOR', 3, '-', 83, 1),
	(94, '63003', 'PEMELIHARAAN AKTIVA TETAP', '-', 'PEMELIHARAAN AKTIVA TETAP', 3, '-', 83, 1),
	(95, '63004', 'BEBAN RENOVASI', '-', 'BEBAN RENOVASI', 3, '-', 83, 1),
	(96, '63005', 'BEBAN SOSIAL/KEMASYARAKATAN', '-', 'BEBAN SOSIAL/KEMASYARAKATAN', 3, '-', 83, 1),
	(97, '63006', 'BEBAN KENDARAAN', '-', 'BEBAN KENDARAAN', 3, '-', 83, 1),
	(98, '64001', 'LAYANAN BUYER', '-', 'LAYANAN BUYER', 3, '-', 83, 1),
	(99, '64002', 'PEMASARAN&SAMPLE PRODUK', '-', 'PEMASARAN&SAMPLE PRODUK', 3, '-', 83, 1),
	(100, '65001', 'BEBAN TRANSPORT', '-', 'BEBAN TRANSPORT', 3, '-', 83, 1),
	(101, '65002', 'BEBAN PERJALANAN DINAS', '-', 'BEBAN PERJALANAN DINAS', 3, '-', 83, 1),
	(102, '66001', 'EDUCATION', '-', 'EDUCATION', 3, '-', 83, 1),
	(103, '66002', 'HOUSING/INVESTASI LAIN', '-', 'HOUSING/INVESTASI LAIN', 3, '-', 83, 1),
	(104, '66003', 'OTHER', '-', 'OTHER', 3, '-', 83, 1),
	(105, '66004', 'MAKAN & LEMBUR DIR & JAMUAN', '-', 'MAKAN & LEMBUR DIR & JAMUAN', 3, '-', 83, 1),
	(106, '66005', 'MERAPI BIKE', '-', 'MERAPI BIKE', 3, '-', 83, 1),
	(107, '67001', 'JPK KARYAWAN', '-', 'JPK KARYAWAN', 3, '-', 83, 1),
	(108, '67002', 'ASURANSI AKTIVA', '-', 'ASURANSI AKTIVA', 3, '-', 83, 1),
	(109, '67003', 'BEBAN ADMINISTRASI', '-', 'BEBAN ADMINISTRASI', 3, '-', 83, 1),
	(110, '67004', 'BEBAN & DENDA PAJAK', '-', 'BEBAN & DENDA PAJAK', 3, '-', 83, 1),
	(111, '67005', 'BEBAN PEIJINAN/LEGELITAS', '-', 'BEBAN PEIJINAN/LEGELITAS', 3, '-', 83, 1),
	(112, '68001', 'AMORTISASI SEWA', '-', 'AMORTISASI SEWA', 3, '-', 83, 1),
	(113, '68002', 'PENYUSUTAN AKTIVA TETAP', '-', 'PENYUSUTAN AKTIVA TETAP', 3, '-', 83, 1),
	(114, '91000', 'BEBAN LAIN-LAIN', '-', 'BEBAN LAIN-LAIN', 3, '-', 0, 0),
	(115, '91001', 'ADMINISTRASI & PROVISI BANK', '-', 'ADMINISTRASI & PROVISI BANK', 3, '-', 114, 1),
	(116, '91002', 'BEBAN BUNGA BANK', '-', 'BEBAN BUNGA BANK', 3, '-', 114, 1),
	(117, '91003', 'BEBAN BUNGA LEASING', '-', 'BEBAN BUNGA LEASING', 3, '-', 114, 1),
	(118, '91004', 'BEBAN SELISIH KURS', '-', 'BEBAN SELISIH KURS', 3, '-', 114, 1),
	(119, '91005', 'BEBAN DILUAR USAHA LAINNYA', '-', 'BEBAN DILUAR USAHA LAINNYA', 3, '-', 114, 1),
	(120, '99998', 'DUMMY', '-', 'DUMMY', 3, '-', 114, 1),
	(121, '99999', 'OVERBOOKING', '-', 'OVERBOOKING', 3, '-', 114, 1),
	(122, '11109', 'BANK MANDIRI 5360 IDR-KI', NULL, 'BANK MANDIRI 5360 IDR-KI', 0, '-', 1, 1),
	(123, '11110', 'BANK MANDIRI XXXX IDR-KAD', NULL, 'BANK MANDIRI XXXX IDR-KAD', 0, '-', 1, 1),
	(124, '11111', 'BANK MANDIRI IDR-DEPOSITO', NULL, 'BANK MANDIRI IDR-DEPOSITO', 0, '-', 1, 1),
	(125, '11112', 'BANK MANDIRI 5929 IDR-KI', NULL, 'BANK MANDIRI 5929 IDR-KI', 0, '-', 1, 1),
	(126, '62003', 'INSENTIF CONTAINER', NULL, 'INSENTIF CONTAINER', 3, 'UNTUK INSENTIF CONTAINER ', 83, 1);
/*!40000 ALTER TABLE `mst_kasbank` ENABLE KEYS */;


-- Dumping structure for table snr_new.sys_group_modul
DROP TABLE IF EXISTS `sys_group_modul`;
CREATE TABLE IF NOT EXISTS `sys_group_modul` (
  `id_group_modul` int(5) NOT NULL AUTO_INCREMENT,
  `id_group` int(5) DEFAULT '0',
  `id_modul` int(2) DEFAULT '0',
  `menu_input` int(1) DEFAULT '0',
  `menu_edit` int(1) DEFAULT '0',
  `menu_delete` int(1) DEFAULT '0',
  `tipe_modul` varchar(10) DEFAULT '0',
  `date_entry` datetime DEFAULT NULL,
  `user_entry` int(5) DEFAULT '0',
  `last_update` datetime DEFAULT NULL,
  `user_update` int(5) DEFAULT '0',
  PRIMARY KEY (`id_group_modul`),
  KEY `id_group` (`id_group`),
  KEY `id_modul` (`id_modul`),
  CONSTRAINT `FK_sys_group_modul_sys_group` FOREIGN KEY (`id_group`) REFERENCES `sys_group` (`id_group`) ON UPDATE CASCADE,
  CONSTRAINT `FK_sys_group_modul_sys_modul` FOREIGN KEY (`id_modul`) REFERENCES `sys_modul` (`id_modul`) ON UPDATE CASCADE
) ENGINE=InnoDB AUTO_INCREMENT=624 DEFAULT CHARSET=latin1;

-- Dumping data for table snr_new.sys_group_modul: ~193 rows (approximately)
/*!40000 ALTER TABLE `sys_group_modul` DISABLE KEYS */;
INSERT INTO `sys_group_modul` (`id_group_modul`, `id_group`, `id_modul`, `menu_input`, `menu_edit`, `menu_delete`, `tipe_modul`, `date_entry`, `user_entry`, `last_update`, `user_update`) VALUES
	(1, 1, 1, 0, 0, 0, '0', '2015-06-17 15:36:25', 5, '0000-00-00 00:00:00', 1),
	(2, 1, 2, 0, 0, 0, '0', '2015-06-17 15:36:25', 5, '0000-00-00 00:00:00', 0),
	(3, 1, 3, 0, 0, 0, '0', '2015-06-17 15:36:25', 5, '0000-00-00 00:00:00', 0),
	(4, 1, 4, 0, 0, 0, '0', '2015-06-17 15:36:25', 5, '0000-00-00 00:00:00', 0),
	(5, 1, 5, 0, 0, 0, '0', '2015-06-17 15:36:25', 5, '0000-00-00 00:00:00', 0),
	(6, 1, 6, 0, 0, 0, '0', '2015-06-17 15:36:25', 5, '0000-00-00 00:00:00', 0),
	(7, 1, 7, 0, 0, 0, '0', '2015-06-17 15:36:25', 5, '0000-00-00 00:00:00', 0),
	(8, 1, 8, 0, 0, 0, '0', '2015-06-17 15:36:25', 5, '0000-00-00 00:00:00', 0),
	(9, 1, 9, 0, 0, 0, '0', '2015-06-17 15:36:25', 5, '0000-00-00 00:00:00', 0),
	(10, 1, 10, 0, 0, 0, '0', '2015-06-17 15:36:25', 5, '0000-00-00 00:00:00', 0),
	(11, 1, 11, 0, 0, 0, '0', '2015-06-17 15:36:25', 5, '0000-00-00 00:00:00', 0),
	(12, 1, 12, 0, 0, 0, '0', '2015-06-17 15:36:25', 5, '0000-00-00 00:00:00', 0),
	(13, 1, 13, 0, 0, 0, '0', '2015-06-17 15:36:25', 5, '0000-00-00 00:00:00', 0),
	(14, 1, 14, 0, 0, 0, '0', '2015-06-17 15:36:25', 5, '0000-00-00 00:00:00', 0),
	(15, 1, 15, 0, 0, 0, '0', '2015-06-17 15:36:25', 5, '0000-00-00 00:00:00', 0),
	(16, 1, 16, 0, 0, 0, '0', '2015-06-17 15:36:25', 5, '0000-00-00 00:00:00', 0),
	(17, 1, 17, 0, 0, 0, '0', '2015-06-17 15:36:25', 5, '0000-00-00 00:00:00', 0),
	(18, 1, 18, 0, 0, 0, '0', '2015-06-17 15:36:25', 5, '0000-00-00 00:00:00', 0),
	(19, 1, 19, 0, 0, 0, '0', '2015-06-17 15:36:25', 5, '0000-00-00 00:00:00', 0),
	(20, 1, 20, 0, 0, 0, '0', '2015-06-17 15:36:25', 5, '0000-00-00 00:00:00', 0),
	(21, 1, 21, 0, 0, 0, '0', '2015-06-17 15:36:25', 5, '0000-00-00 00:00:00', 0),
	(22, 1, 22, 0, 0, 0, '0', '2015-06-17 15:36:25', 5, '0000-00-00 00:00:00', 0),
	(23, 1, 23, 0, 0, 0, '0', '2015-06-17 15:36:25', 5, '0000-00-00 00:00:00', 0),
	(24, 1, 24, 0, 0, 0, '0', '2015-06-17 15:36:25', 5, '0000-00-00 00:00:00', 0),
	(25, 1, 25, 0, 0, 0, '0', '2015-06-17 15:36:25', 5, '0000-00-00 00:00:00', 0),
	(26, 1, 26, 0, 0, 0, '0', '2015-06-17 15:36:25', 5, '0000-00-00 00:00:00', 0),
	(27, 1, 27, 0, 0, 0, '0', '2015-06-17 15:36:25', 5, '0000-00-00 00:00:00', 0),
	(28, 1, 28, 0, 0, 0, '0', '2015-06-17 15:36:25', 5, '0000-00-00 00:00:00', 0),
	(29, 1, 30, 0, 0, 0, '0', '2015-06-17 15:36:25', 5, '0000-00-00 00:00:00', 0),
	(30, 1, 31, 0, 0, 0, '0', '2015-06-17 15:36:25', 5, '0000-00-00 00:00:00', 0),
	(31, 1, 32, 0, 0, 0, '0', '2015-06-17 15:36:25', 5, '0000-00-00 00:00:00', 0),
	(32, 1, 33, 0, 0, 0, '0', '2015-06-17 15:36:25', 5, '0000-00-00 00:00:00', 0),
	(33, 1, 36, 0, 0, 0, '0', '2015-06-17 15:36:25', 5, '0000-00-00 00:00:00', 0),
	(34, 1, 37, 0, 0, 0, '0', '2015-06-17 15:36:25', 5, '0000-00-00 00:00:00', 0),
	(35, 1, 38, 0, 0, 0, '0', '2015-06-17 15:36:25', 5, '0000-00-00 00:00:00', 0),
	(36, 1, 40, 0, 0, 0, '0', '2015-06-17 15:36:25', 5, '0000-00-00 00:00:00', 0),
	(37, 1, 39, 0, 0, 0, '0', '2015-06-17 15:36:25', 5, '0000-00-00 00:00:00', 0),
	(38, 1, 41, 0, 0, 0, '0', '2015-06-17 15:36:25', 5, '0000-00-00 00:00:00', 0),
	(39, 1, 42, 0, 0, 0, '0', '2015-06-17 15:36:25', 5, '0000-00-00 00:00:00', 0),
	(40, 1, 43, 0, 0, 0, '0', '2015-06-17 15:36:25', 5, '0000-00-00 00:00:00', 0),
	(41, 1, 44, 0, 0, 0, '0', '2015-06-17 15:36:25', 5, '0000-00-00 00:00:00', 0),
	(42, 1, 45, 0, 0, 0, '0', '2015-06-17 15:36:25', 5, '0000-00-00 00:00:00', 0),
	(43, 1, 46, 0, 0, 0, '0', '2015-06-17 15:36:25', 5, '0000-00-00 00:00:00', 0),
	(44, 1, 47, 0, 0, 0, '0', '2015-06-17 15:36:25', 5, '0000-00-00 00:00:00', 0),
	(45, 1, 48, 0, 0, 0, '0', '2015-06-17 15:36:25', 5, '0000-00-00 00:00:00', 0),
	(46, 1, 49, 0, 0, 0, '0', '2015-06-17 15:36:25', 5, '0000-00-00 00:00:00', 0),
	(47, 1, 50, 0, 0, 0, '0', '2015-06-17 15:36:25', 5, '0000-00-00 00:00:00', 0),
	(48, 1, 29, 0, 0, 0, '0', '2015-06-17 15:36:25', 5, '0000-00-00 00:00:00', 0),
	(49, 1, 51, 0, 0, 0, '0', '2015-06-17 15:36:25', 5, '0000-00-00 00:00:00', 0),
	(55, 1, 52, 0, 0, 0, '0', '2015-06-17 15:36:25', 5, '0000-00-00 00:00:00', 0),
	(56, 1, 53, 0, 0, 0, '0', '2015-06-17 15:36:25', 5, '0000-00-00 00:00:00', 0),
	(80, 1, 54, 0, 0, 0, '0', '2015-06-17 15:36:25', 5, '0000-00-00 00:00:00', 0),
	(81, 1, 55, 0, 0, 0, '0', '2015-06-17 15:36:25', 5, '0000-00-00 00:00:00', 0),
	(89, 2, 1, 0, 0, 0, '0', '2016-03-31 19:47:50', 1, '0000-00-00 00:00:00', 0),
	(90, 2, 2, 0, 0, 0, '0', '2016-03-31 19:47:50', 1, '0000-00-00 00:00:00', 0),
	(91, 2, 3, 0, 0, 0, '0', '2016-03-31 19:47:50', 1, '0000-00-00 00:00:00', 0),
	(92, 2, 4, 0, 0, 0, '0', '2016-03-31 19:47:50', 1, '0000-00-00 00:00:00', 0),
	(93, 2, 5, 0, 0, 0, '0', '2016-03-31 19:47:50', 1, '0000-00-00 00:00:00', 0),
	(94, 2, 6, 0, 0, 0, '0', '2016-03-31 19:47:50', 1, '0000-00-00 00:00:00', 0),
	(95, 2, 7, 0, 0, 0, '0', '2016-03-31 19:47:50', 1, '0000-00-00 00:00:00', 0),
	(96, 2, 8, 0, 0, 0, '0', '2016-03-31 19:47:50', 1, '0000-00-00 00:00:00', 0),
	(97, 2, 9, 0, 0, 0, '0', '2016-03-31 19:47:50', 1, '0000-00-00 00:00:00', 0),
	(98, 2, 10, 0, 0, 0, '0', '2016-03-31 19:47:50', 1, '0000-00-00 00:00:00', 0),
	(99, 2, 11, 0, 0, 0, '0', '2016-03-31 19:47:50', 1, '0000-00-00 00:00:00', 0),
	(100, 2, 12, 0, 0, 0, '0', '2016-03-31 19:47:50', 1, '0000-00-00 00:00:00', 0),
	(101, 2, 26, 0, 0, 0, '0', '2016-03-31 19:47:50', 1, '0000-00-00 00:00:00', 0),
	(102, 2, 27, 0, 0, 0, '0', '2016-03-31 19:47:50', 1, '0000-00-00 00:00:00', 0),
	(103, 2, 28, 0, 0, 0, '0', '2016-03-31 19:47:50', 1, '0000-00-00 00:00:00', 0),
	(104, 2, 29, 0, 0, 0, '0', '2016-03-31 19:47:50', 1, '0000-00-00 00:00:00', 0),
	(105, 2, 40, 0, 0, 0, '0', '2016-03-31 19:47:50', 1, '0000-00-00 00:00:00', 0),
	(106, 2, 41, 0, 0, 0, '0', '2016-03-31 19:47:50', 1, '0000-00-00 00:00:00', 0),
	(107, 2, 42, 0, 0, 0, '0', '2016-03-31 19:47:50', 1, '0000-00-00 00:00:00', 0),
	(108, 2, 43, 0, 0, 0, '0', '2016-03-31 19:47:50', 1, '0000-00-00 00:00:00', 0),
	(109, 2, 44, 0, 0, 0, '0', '2016-03-31 19:47:50', 1, '0000-00-00 00:00:00', 0),
	(125, 1, 56, 0, 0, 0, '0', '2015-06-17 15:36:25', 5, '0000-00-00 00:00:00', 0),
	(141, 1, 57, 0, 0, 0, '0', '2015-06-17 15:36:25', 5, '0000-00-00 00:00:00', 0),
	(175, 1, 58, 0, 0, 0, '0', '2015-06-17 15:36:25', 5, '0000-00-00 00:00:00', 0),
	(176, 1, 59, 0, 0, 0, '0', '2015-06-17 15:36:25', 5, '0000-00-00 00:00:00', 0),
	(177, 1, 60, 0, 0, 0, '0', '2015-06-17 15:36:25', 5, '0000-00-00 00:00:00', 0),
	(178, 1, 61, 0, 0, 0, '0', '2015-06-17 15:36:25', 5, '0000-00-00 00:00:00', 0),
	(240, 1, 62, 0, 0, 0, '0', '2015-06-17 15:36:25', 5, '0000-00-00 00:00:00', 0),
	(280, 1, 63, 0, 0, 0, '0', '2015-06-17 15:36:25', 5, '0000-00-00 00:00:00', 0),
	(281, 1, 64, 0, 0, 0, '0', '2015-06-17 15:36:25', 5, '0000-00-00 00:00:00', 0),
	(298, 5, 1, 0, 0, 0, '0', '2016-04-25 11:02:29', 1, '0000-00-00 00:00:00', 0),
	(299, 5, 2, 0, 0, 0, '0', '2016-04-25 11:02:29', 1, '0000-00-00 00:00:00', 0),
	(300, 5, 3, 0, 0, 0, '0', '2016-04-25 11:02:29', 1, '0000-00-00 00:00:00', 0),
	(301, 5, 4, 0, 0, 0, '0', '2016-04-25 11:02:29', 1, '0000-00-00 00:00:00', 0),
	(302, 5, 6, 0, 0, 0, '0', '2016-04-25 11:02:29', 1, '0000-00-00 00:00:00', 0),
	(303, 5, 7, 0, 0, 0, '0', '2016-04-25 11:02:29', 1, '0000-00-00 00:00:00', 0),
	(304, 5, 19, 0, 0, 0, '0', '2016-04-25 11:02:29', 1, '0000-00-00 00:00:00', 0),
	(305, 5, 20, 0, 0, 0, '0', '2016-04-25 11:02:29', 1, '0000-00-00 00:00:00', 0),
	(306, 5, 45, 0, 0, 0, '0', '2016-04-25 11:02:29', 1, '0000-00-00 00:00:00', 0),
	(307, 5, 46, 0, 0, 0, '0', '2016-04-25 11:02:29', 1, '0000-00-00 00:00:00', 0),
	(308, 5, 30, 0, 0, 0, '0', '2016-04-25 11:02:29', 1, '0000-00-00 00:00:00', 0),
	(309, 5, 31, 0, 0, 0, '0', '2016-04-25 11:02:29', 1, '0000-00-00 00:00:00', 0),
	(310, 5, 32, 0, 0, 0, '0', '2016-04-25 11:02:29', 1, '0000-00-00 00:00:00', 0),
	(311, 5, 33, 0, 0, 0, '0', '2016-04-25 11:02:29', 1, '0000-00-00 00:00:00', 0),
	(312, 5, 36, 0, 0, 0, '0', '2016-04-25 11:02:29', 1, '0000-00-00 00:00:00', 0),
	(313, 5, 37, 0, 0, 0, '0', '2016-04-25 11:02:29', 1, '0000-00-00 00:00:00', 0),
	(314, 5, 38, 0, 0, 0, '0', '2016-04-25 11:02:29', 1, '0000-00-00 00:00:00', 0),
	(315, 5, 39, 0, 0, 0, '0', '2016-04-25 11:02:29', 1, '0000-00-00 00:00:00', 0),
	(316, 5, 54, 0, 0, 0, '0', '2016-04-25 11:02:29', 1, '0000-00-00 00:00:00', 0),
	(317, 5, 58, 0, 0, 0, '0', '2016-04-25 11:02:29', 1, '0000-00-00 00:00:00', 0),
	(318, 5, 59, 0, 0, 0, '0', '2016-04-25 11:02:29', 1, '0000-00-00 00:00:00', 0),
	(319, 5, 60, 0, 0, 0, '0', '2016-04-25 11:02:29', 1, '0000-00-00 00:00:00', 0),
	(320, 5, 63, 0, 0, 0, '0', '2016-04-25 11:02:29', 1, '0000-00-00 00:00:00', 0),
	(321, 1, 65, 0, 0, 0, '0', '2015-06-17 15:36:25', 5, '0000-00-00 00:00:00', 0),
	(322, 1, 66, 0, 0, 0, '0', '2015-06-17 15:36:25', 5, '0000-00-00 00:00:00', 0),
	(323, 1, 67, 0, 0, 0, '0', '2015-06-17 15:36:25', 5, '0000-00-00 00:00:00', 0),
	(324, 1, 68, 0, 0, 0, '0', '2015-06-17 15:36:25', 5, '0000-00-00 00:00:00', 0),
	(405, 1, 69, 0, 0, 0, '0', '2015-06-17 15:36:25', 5, '0000-00-00 00:00:00', 0),
	(418, 1, 70, 0, 0, 0, '0', '2015-06-17 15:36:25', 5, '0000-00-00 00:00:00', 0),
	(458, 1, 71, 0, 0, 0, '0', '2015-06-17 15:36:25', 5, '0000-00-00 00:00:00', 0),
	(459, 3, 1, 0, 0, 0, '0', '2016-05-24 10:30:54', 1, '0000-00-00 00:00:00', 0),
	(460, 3, 2, 0, 0, 0, '0', '2016-05-24 10:30:54', 1, '0000-00-00 00:00:00', 0),
	(461, 3, 4, 0, 0, 0, '0', '2016-05-24 10:30:54', 1, '0000-00-00 00:00:00', 0),
	(462, 3, 6, 0, 0, 0, '0', '2016-05-24 10:30:54', 1, '0000-00-00 00:00:00', 0),
	(463, 3, 8, 0, 0, 0, '0', '2016-05-24 10:30:54', 1, '0000-00-00 00:00:00', 0),
	(464, 3, 16, 0, 0, 0, '0', '2016-05-24 10:30:54', 1, '0000-00-00 00:00:00', 0),
	(465, 3, 17, 0, 0, 0, '0', '2016-05-24 10:30:54', 1, '0000-00-00 00:00:00', 0),
	(466, 3, 18, 0, 0, 0, '0', '2016-05-24 10:30:54', 1, '0000-00-00 00:00:00', 0),
	(467, 3, 51, 0, 0, 0, '0', '2016-05-24 10:30:54', 1, '0000-00-00 00:00:00', 0),
	(468, 3, 55, 0, 0, 0, '0', '2016-05-24 10:30:54', 1, '0000-00-00 00:00:00', 0),
	(469, 3, 57, 0, 0, 0, '0', '2016-05-24 10:30:54', 1, '0000-00-00 00:00:00', 0),
	(470, 3, 71, 0, 0, 0, '0', '2016-05-24 10:30:54', 1, '0000-00-00 00:00:00', 0),
	(471, 3, 19, 0, 0, 0, '0', '2016-05-24 10:30:54', 1, '0000-00-00 00:00:00', 0),
	(472, 3, 20, 0, 0, 0, '0', '2016-05-24 10:30:54', 1, '0000-00-00 00:00:00', 0),
	(473, 3, 22, 0, 0, 0, '0', '2016-05-24 10:30:54', 1, '0000-00-00 00:00:00', 0),
	(474, 3, 46, 0, 0, 0, '0', '2016-05-24 10:30:54', 1, '0000-00-00 00:00:00', 0),
	(475, 3, 48, 0, 0, 0, '0', '2016-05-24 10:30:54', 1, '0000-00-00 00:00:00', 0),
	(476, 3, 56, 0, 0, 0, '0', '2016-05-24 10:30:54', 1, '0000-00-00 00:00:00', 0),
	(477, 3, 70, 0, 0, 0, '0', '2016-05-24 10:30:54', 1, '0000-00-00 00:00:00', 0),
	(478, 3, 23, 0, 0, 0, '0', '2016-05-24 10:30:54', 1, '0000-00-00 00:00:00', 0),
	(479, 3, 24, 0, 0, 0, '0', '2016-05-24 10:30:54', 1, '0000-00-00 00:00:00', 0),
	(480, 3, 69, 0, 0, 0, '0', '2016-05-24 10:30:54', 1, '0000-00-00 00:00:00', 0),
	(481, 1, 72, 0, 0, 0, '0', '2015-06-17 15:36:25', 5, '0000-00-00 00:00:00', 0),
	(482, 1, 73, 0, 0, 0, '0', '2015-06-17 15:36:25', 5, '0000-00-00 00:00:00', 0),
	(520, 1, 74, 0, 0, 0, '0', '2015-06-17 15:36:25', 5, '0000-00-00 00:00:00', 0),
	(544, 6, 1, 0, 0, 0, '0', '2016-09-20 10:38:18', 1, '0000-00-00 00:00:00', 0),
	(545, 6, 2, 0, 0, 0, '0', '2016-09-20 10:38:18', 1, '0000-00-00 00:00:00', 0),
	(546, 6, 4, 0, 0, 0, '0', '2016-09-20 10:38:18', 1, '0000-00-00 00:00:00', 0),
	(547, 6, 13, 0, 0, 0, '0', '2016-09-20 10:38:18', 1, '0000-00-00 00:00:00', 0),
	(548, 6, 14, 0, 0, 0, '0', '2016-09-20 10:38:18', 1, '0000-00-00 00:00:00', 0),
	(549, 6, 52, 0, 0, 0, '0', '2016-09-20 10:38:18', 1, '0000-00-00 00:00:00', 0),
	(550, 6, 23, 0, 0, 0, '0', '2016-09-20 10:38:18', 1, '0000-00-00 00:00:00', 0),
	(551, 6, 24, 0, 0, 0, '0', '2016-09-20 10:38:18', 1, '0000-00-00 00:00:00', 0),
	(552, 6, 25, 0, 0, 0, '0', '2016-09-20 10:38:18', 1, '0000-00-00 00:00:00', 0),
	(553, 6, 49, 0, 0, 0, '0', '2016-09-20 10:38:18', 1, '0000-00-00 00:00:00', 0),
	(554, 6, 61, 0, 0, 0, '0', '2016-09-20 10:38:18', 1, '0000-00-00 00:00:00', 0),
	(555, 6, 62, 0, 0, 0, '0', '2016-09-20 10:38:18', 1, '0000-00-00 00:00:00', 0),
	(556, 6, 66, 0, 0, 0, '0', '2016-09-20 10:38:18', 1, '0000-00-00 00:00:00', 0),
	(557, 6, 69, 0, 0, 0, '0', '2016-09-20 10:38:18', 1, '0000-00-00 00:00:00', 0),
	(582, 8, 1, 0, 0, 0, '0', '2016-12-09 09:22:11', 1, '0000-00-00 00:00:00', 0),
	(583, 8, 2, 0, 0, 0, '0', '2016-12-09 09:22:11', 1, '0000-00-00 00:00:00', 0),
	(584, 8, 3, 0, 0, 0, '0', '2016-12-09 09:22:11', 1, '0000-00-00 00:00:00', 0),
	(585, 8, 4, 0, 0, 0, '0', '2016-12-09 09:22:11', 1, '0000-00-00 00:00:00', 0),
	(586, 8, 7, 0, 0, 0, '0', '2016-12-09 09:22:11', 1, '0000-00-00 00:00:00', 0),
	(587, 8, 10, 0, 0, 0, '0', '2016-12-09 09:22:11', 1, '0000-00-00 00:00:00', 0),
	(588, 8, 11, 0, 0, 0, '0', '2016-12-09 09:22:11', 1, '0000-00-00 00:00:00', 0),
	(589, 8, 12, 0, 0, 0, '0', '2016-12-09 09:22:11', 1, '0000-00-00 00:00:00', 0),
	(590, 8, 13, 0, 0, 0, '0', '2016-12-09 09:22:11', 1, '0000-00-00 00:00:00', 0),
	(591, 8, 14, 0, 0, 0, '0', '2016-12-09 09:22:11', 1, '0000-00-00 00:00:00', 0),
	(592, 8, 52, 0, 0, 0, '0', '2016-12-09 09:22:11', 1, '0000-00-00 00:00:00', 0),
	(593, 8, 19, 0, 0, 0, '0', '2016-12-09 09:22:11', 1, '0000-00-00 00:00:00', 0),
	(594, 8, 20, 0, 0, 0, '0', '2016-12-09 09:22:11', 1, '0000-00-00 00:00:00', 0),
	(595, 8, 21, 0, 0, 0, '0', '2016-12-09 09:22:11', 1, '0000-00-00 00:00:00', 0),
	(596, 8, 45, 0, 0, 0, '0', '2016-12-09 09:22:11', 1, '0000-00-00 00:00:00', 0),
	(597, 8, 47, 0, 0, 0, '0', '2016-12-09 09:22:11', 1, '0000-00-00 00:00:00', 0),
	(598, 8, 64, 0, 0, 0, '0', '2016-12-09 09:22:11', 1, '0000-00-00 00:00:00', 0),
	(599, 8, 67, 0, 0, 0, '0', '2016-12-09 09:22:11', 1, '0000-00-00 00:00:00', 0),
	(600, 8, 68, 0, 0, 0, '0', '2016-12-09 09:22:11', 1, '0000-00-00 00:00:00', 0),
	(601, 8, 70, 0, 0, 0, '0', '2016-12-09 09:22:11', 1, '0000-00-00 00:00:00', 0),
	(602, 8, 26, 0, 0, 0, '0', '2016-12-09 09:22:11', 1, '0000-00-00 00:00:00', 0),
	(603, 8, 27, 0, 0, 0, '0', '2016-12-09 09:22:11', 1, '0000-00-00 00:00:00', 0),
	(604, 8, 28, 0, 0, 0, '0', '2016-12-09 09:22:11', 1, '0000-00-00 00:00:00', 0),
	(605, 8, 73, 0, 0, 0, '0', '2016-12-09 09:22:11', 1, '0000-00-00 00:00:00', 0),
	(606, 8, 74, 0, 0, 0, '0', '2016-12-09 09:22:11', 1, '0000-00-00 00:00:00', 0),
	(607, 7, 1, 0, 0, 0, '0', '2017-03-14 08:36:57', 1, '0000-00-00 00:00:00', 0),
	(608, 7, 2, 0, 0, 0, '0', '2017-03-14 08:36:57', 1, '0000-00-00 00:00:00', 0),
	(609, 7, 4, 0, 0, 0, '0', '2017-03-14 08:36:57', 1, '0000-00-00 00:00:00', 0),
	(610, 7, 7, 0, 0, 0, '0', '2017-03-14 08:36:57', 1, '0000-00-00 00:00:00', 0),
	(611, 7, 8, 0, 0, 0, '0', '2017-03-14 08:36:57', 1, '0000-00-00 00:00:00', 0),
	(612, 7, 13, 0, 0, 0, '0', '2017-03-14 08:36:57', 1, '0000-00-00 00:00:00', 0),
	(613, 7, 14, 0, 0, 0, '0', '2017-03-14 08:36:57', 1, '0000-00-00 00:00:00', 0),
	(614, 7, 15, 0, 0, 0, '0', '2017-03-14 08:36:57', 1, '0000-00-00 00:00:00', 0),
	(615, 7, 52, 0, 0, 0, '0', '2017-03-14 08:36:57', 1, '0000-00-00 00:00:00', 0),
	(616, 7, 53, 0, 0, 0, '0', '2017-03-14 08:36:57', 1, '0000-00-00 00:00:00', 0),
	(617, 7, 65, 0, 0, 0, '0', '2017-03-14 08:36:57', 1, '0000-00-00 00:00:00', 0),
	(618, 7, 19, 0, 0, 0, '0', '2017-03-14 08:36:57', 1, '0000-00-00 00:00:00', 0),
	(619, 7, 20, 0, 0, 0, '0', '2017-03-14 08:36:57', 1, '0000-00-00 00:00:00', 0),
	(620, 7, 21, 0, 0, 0, '0', '2017-03-14 08:36:57', 1, '0000-00-00 00:00:00', 0),
	(621, 7, 45, 0, 0, 0, '0', '2017-03-14 08:36:57', 1, '0000-00-00 00:00:00', 0),
	(622, 7, 47, 0, 0, 0, '0', '2017-03-14 08:36:57', 1, '0000-00-00 00:00:00', 0),
	(623, 1, 75, 0, 0, 0, '0', '2015-06-17 15:36:25', 5, '0000-00-00 00:00:00', 0);
/*!40000 ALTER TABLE `sys_group_modul` ENABLE KEYS */;


-- Dumping structure for table snr_new.sys_modul
DROP TABLE IF EXISTS `sys_modul`;
CREATE TABLE IF NOT EXISTS `sys_modul` (
  `id_modul` int(2) NOT NULL AUTO_INCREMENT,
  `kode_modul` varchar(20) DEFAULT NULL,
  `nama_modul` varchar(100) DEFAULT NULL,
  `deskripsi` varchar(254) DEFAULT NULL,
  `induk` varchar(20) DEFAULT NULL,
  `induk_menu` int(2) DEFAULT NULL,
  `level_id` smallint(2) DEFAULT NULL,
  `header` smallint(6) DEFAULT NULL,
  `link_modul` varchar(200) DEFAULT NULL,
  `modul_report` tinyint(1) DEFAULT NULL,
  `aktif` int(1) DEFAULT '1',
  `date_entry` datetime DEFAULT NULL,
  `user_entry` int(5) DEFAULT NULL,
  `last_update` datetime DEFAULT NULL,
  `user_update` int(11) DEFAULT NULL,
  PRIMARY KEY (`id_modul`)
) ENGINE=InnoDB AUTO_INCREMENT=76 DEFAULT CHARSET=latin1;

-- Dumping data for table snr_new.sys_modul: ~72 rows (approximately)
/*!40000 ALTER TABLE `sys_modul` DISABLE KEYS */;
INSERT INTO `sys_modul` (`id_modul`, `kode_modul`, `nama_modul`, `deskripsi`, `induk`, `induk_menu`, `level_id`, `header`, `link_modul`, `modul_report`, `aktif`, `date_entry`, `user_entry`, `last_update`, `user_update`) VALUES
	(1, '1', 'Admin', '', '', 0, 0, 1, 'admin', 0, 1, NULL, NULL, NULL, NULL),
	(2, '1.1', 'Master Data', '', '1', 1, 1, 1, '', 0, 1, NULL, NULL, NULL, NULL),
	(3, '1.1.1', 'Product', '', '1.1', 2, 2, 0, 'admin/Product', 0, 1, NULL, NULL, NULL, NULL),
	(4, '1.1.2', 'Material', '', '1.1', 2, 2, 0, 'admin/Material', 0, 1, NULL, NULL, NULL, NULL),
	(5, '1.1.3', 'Bom', '', '1.1', 2, 2, 0, 'admin/Bom', 0, 1, NULL, NULL, NULL, NULL),
	(6, '1.1.4', 'Suplier', '', '1.1', 2, 2, 0, 'admin/Suplier', 0, 1, NULL, NULL, NULL, NULL),
	(7, '1.1.5', 'Vendor', '', '1.1', 2, 2, 0, 'admin/Vendor', 0, 1, NULL, NULL, NULL, NULL),
	(8, '1.1.6', 'Sales Order', '', '1.1', 2, 2, 0, 'admin/Sales', 0, 1, NULL, NULL, NULL, NULL),
	(9, '1.1.7', 'Karyawan', '', '1.1', 2, 2, 0, 'admin/Karyawan', 0, 1, NULL, NULL, NULL, NULL),
	(10, '2', 'Arsip', '', '', 0, 0, 1, 'arsip', 0, 1, NULL, NULL, NULL, NULL),
	(11, '2.1', 'Berkas', '', '2', 10, 1, 1, '', 0, 1, NULL, NULL, NULL, NULL),
	(12, '2.1.1', 'Surat Masuk', '', '2.1', 11, 2, 0, 'arsip/suratmasuk', 0, 1, NULL, NULL, NULL, NULL),
	(13, '3', 'PO-RAW', '', '', 0, 0, 1, 'raw', 0, 1, NULL, NULL, NULL, NULL),
	(14, '3.1', 'Master PO Raw', '', '3', 13, 1, 1, '', 0, 1, NULL, NULL, NULL, NULL),
	(15, '3.1.1', 'New PO Raw', '', '3.1', 14, 2, 0, 'raw/po_raw', 0, 1, NULL, NULL, NULL, NULL),
	(16, '4', 'PO-SM', '', '', 0, 0, 1, 'suport', 0, 1, NULL, NULL, NULL, NULL),
	(17, '4.1', 'Master PO SM', '', '4', 16, 1, 1, '', 0, 1, NULL, NULL, NULL, NULL),
	(18, '4.1.1', 'New PO SM', '', '4.1', 17, 2, 0, 'suport/po_sm', 0, 1, NULL, NULL, NULL, NULL),
	(19, '5', 'LPB', '', '', 0, 0, 1, 'lpb', 0, 1, NULL, NULL, NULL, NULL),
	(20, '5.1', 'PENERIMAAN BARANG', '', '5', 19, 1, 1, '', 0, 1, NULL, NULL, NULL, NULL),
	(21, '5.1.1', 'LPB RAW', '', '5.1', 20, 2, 0, 'lpb/lpb_raw', 0, 1, NULL, NULL, NULL, NULL),
	(22, '5.1.2', 'LPB SM', '', '5.1', 20, 2, 0, 'lpb/lpb_sm', 0, 1, NULL, NULL, NULL, NULL),
	(23, '6', 'Gudang', '', '', 0, 0, 1, 'gudang', 0, 1, NULL, NULL, NULL, NULL),
	(24, '6.1', 'MASTER DATA GUDANG', '', '6', 23, 1, 1, '', 0, 1, NULL, NULL, NULL, NULL),
	(25, '6.1.1', 'Issued', '', '6.1', 24, 2, 0, 'gudang/issued', 0, 1, NULL, NULL, NULL, NULL),
	(26, '7', 'Production', '', '', 0, 0, 1, 'production', 0, 1, NULL, NULL, NULL, NULL),
	(27, '7.1', 'MASTER PRODUCTION', '', '7', 26, 1, 1, '', 0, 1, NULL, NULL, NULL, NULL),
	(28, '7.1.1', 'Packing', '', '7.1', 27, 2, 0, 'production/packing', 0, 1, NULL, NULL, NULL, NULL),
	(29, '7.1.2', 'Shipment', '', '7.1', 27, 2, 0, 'production/shipment', 0, 1, NULL, NULL, NULL, NULL),
	(30, '8', 'Akuntansi', '', '', 0, 0, 1, 'akuntansi', 0, 1, NULL, NULL, NULL, NULL),
	(31, '8.1', 'MASTER AKUNTANSI', '', '8', 30, 1, 1, '', 0, 1, NULL, NULL, NULL, NULL),
	(32, '8.1.1', 'BKK', '', '8.1', 31, 2, 0, 'transaksi/bkk', 0, 1, NULL, NULL, NULL, NULL),
	(33, '8.1.2', 'BKM', '', '8.1', 31, 2, 0, 'transaksi/bkm', 0, 1, NULL, NULL, NULL, NULL),
	(36, '8.1.3', 'Neraca', '', '8.1', 31, 2, 0, 'laporan/neraca', 0, 1, NULL, NULL, NULL, NULL),
	(37, '8.1.4', 'Laba Rugi', '', '8.1', 31, 2, 0, 'laporan/Rugilaba', 0, 1, NULL, NULL, NULL, NULL),
	(38, '8.1.5', 'Penyesuaian', '', '8.1', 31, 2, 0, 'akuntansi/Penyesuaian', 0, 1, NULL, NULL, NULL, NULL),
	(39, '8.1.6', 'Buku Bantu', '', '8.1', 31, 2, 0, 'akuntansi/Bukubantu', 0, 0, NULL, NULL, NULL, NULL),
	(40, '9', 'Setup', '', '', 0, 0, 1, 'setup', 0, 1, NULL, NULL, NULL, NULL),
	(41, '9.1', 'PENGATURAN', '', '9', 40, 1, 1, '', 0, 1, NULL, NULL, NULL, NULL),
	(42, '9.1.1', 'Pengguna', '', '9.1', 41, 2, 0, 'admin/Karyawan', 0, 1, NULL, NULL, NULL, NULL),
	(43, '9.1.2', 'Group Pengguna', '', '9.1', 41, 2, 0, 'setup/GroupUser', 0, 1, NULL, NULL, NULL, NULL),
	(44, '9.1.3', 'Akses Modul Pengguna', '', '9.1', 41, 2, 0, 'setup/UserModul', 0, 1, NULL, NULL, NULL, NULL),
	(45, '5.1.3', 'Inventory Raw', '', '5.1', 20, 2, 0, 'lpb/inventory_raw', 0, 1, NULL, NULL, NULL, NULL),
	(46, '5.1.4', 'Inventory SM', '', '5.1', 20, 2, 0, 'lpb/inventory_sm', 0, 1, NULL, NULL, NULL, NULL),
	(47, '5.1.5', 'Inventory Detail Raw', '', '5.1', 20, 2, 0, 'lpb/inventory_detail_raw', 0, 1, NULL, NULL, NULL, NULL),
	(48, '5.1.6', 'Inventory Detail SM', '', '5.1', 20, 2, 0, 'lpb/inventory_detail_sm', 0, 1, NULL, NULL, NULL, NULL),
	(49, '6.1.2', 'Stock Barang', '', '6.1', 24, 2, 0, 'lpb/inventory_sm', 0, 1, NULL, NULL, NULL, NULL),
	(50, '6.1.3', 'Detail Stock Barang', '', '6.1', 24, 2, 0, 'gudang/inventory_gudang_sm', 0, 1, NULL, NULL, NULL, NULL),
	(51, '4.1.2', 'Surat Jalan', '', '4.1', 17, 2, 0, 'suport/surat_jalan', 0, 1, NULL, NULL, NULL, NULL),
	(52, '3.1.2', 'Detail PO Raw', '', '3.1', 14, 2, 0, 'raw/detail_po_raw', 0, 1, NULL, NULL, NULL, NULL),
	(53, '3.1.3', 'Balance SO', '', '3.1', 14, 2, 0, 'raw/balance_po_raw', 0, 1, NULL, NULL, NULL, NULL),
	(54, '8.1.7', 'Balance LPB SM', '', '8.1', 31, 2, 0, 'akuntansi/Balance_LPB', 0, 1, NULL, NULL, NULL, NULL),
	(55, '4.1.3', 'Detail PO SM', '', '4.1', 17, 2, 0, 'suport/detail_po_sm', 0, 1, NULL, NULL, NULL, NULL),
	(56, '5.1.7', 'Detail LPB SM', '', '5.1', 20, 2, 0, 'akuntansi/Balance_LPB', 0, 1, NULL, NULL, NULL, NULL),
	(57, '4.1.4', 'Kebutuhan PO SM', '', '4.1', 17, 2, 0, 'suport/kebutuhan_po_sm', 0, 1, NULL, NULL, NULL, NULL),
	(58, '8.1.8', 'Hutang Usaha', '', '8.1', 31, 2, 0, 'akuntansi/Hutang', 0, 1, NULL, NULL, NULL, NULL),
	(59, '8.1.9', 'Detail Hutang Usaha', '', '8.1', 31, 2, 0, 'akuntansi/Piutang', 0, 1, NULL, NULL, NULL, NULL),
	(60, '8.1.10', 'Buku Bantu', '', '8.1', 31, 2, 0, 'akuntansi/Bukubantu', 0, 1, NULL, NULL, NULL, NULL),
	(61, '6.1.4', 'Detail Penerimaan Barang', '', '6.1', 24, 2, 0, 'gudang/Detail_lpb_sm', 0, 1, NULL, NULL, NULL, NULL),
	(62, '6.1.5', 'Detail Issued Detail', '', '6.1', 24, 2, 0, 'gudang/Detail_Issued', 0, 1, NULL, NULL, NULL, NULL),
	(63, '8.1.11', 'Balance LPB Raw', '', '8.1', 31, 2, 0, 'akuntansi/Balance_LPB_Raw', 0, 1, NULL, NULL, NULL, NULL),
	(64, '5.1.8', 'Detail LPB Raw', '', '5.1', 20, 2, 0, 'akuntansi/Balance_LPB_Raw', 0, 1, NULL, NULL, NULL, NULL),
	(65, '3.1.4', 'PO Sample', '', '3.1', 14, 2, 0, 'raw/po_sample', 0, 1, NULL, NULL, NULL, NULL),
	(66, '6.1.6', 'Return / Ajustment', '', '6.1', 24, 2, 0, 'gudang/Ajustment', 0, 1, NULL, NULL, NULL, NULL),
	(67, '5.1.9', 'LPB Sample', '', '5.1', 20, 2, 0, 'sample/lpb_sample', 0, 1, NULL, NULL, NULL, NULL),
	(68, '5.1.10', 'Detail LPB Sample', '', '5.1', 20, 2, 0, 'sample/detail_lpb_sample', 0, 1, NULL, NULL, NULL, NULL),
	(69, '6.1.6', 'Kebutuhan By Bom', '', '6.1', 24, 2, 0, 'gudang/Detail_bom', 0, 1, NULL, NULL, NULL, NULL),
	(70, '5.1.11', 'Pembelian Umum', '', '5.1', 20, 2, 0, 'lpb/lpb_umum', 0, 1, NULL, NULL, NULL, NULL),
	(71, '4.1.5', 'Kebutuhan SM Vendor', '', '4.1', 17, 2, 0, 'suport/kebutuhan_po_vendor', 0, 1, NULL, NULL, NULL, NULL),
	(72, '9.1.4', 'Master COA', '', '9.1', 41, 2, 0, 'setup/KasBank', 0, 1, NULL, NULL, NULL, NULL),
	(73, '7.1.3', 'Mutasi Raw Body', '', '7.1', 27, 2, 0, 'production/Mutasi_raw', 0, 1, NULL, NULL, NULL, NULL),
	(74, '7.1.4', 'Balance Packing', '', '7.1', 27, 2, 0, 'production/Balance_packing', 0, 1, NULL, NULL, NULL, NULL),
	(75, '8.1.11', 'Ajust Keuangan', NULL, '8.1', 32, 2, 0, 'akuntansi/ajustmentAkun', 0, 1, NULL, NULL, NULL, NULL);
/*!40000 ALTER TABLE `sys_modul` ENABLE KEYS */;
/*!40101 SET SQL_MODE=IFNULL(@OLD_SQL_MODE, '') */;
/*!40014 SET FOREIGN_KEY_CHECKS=IF(@OLD_FOREIGN_KEY_CHECKS IS NULL, 1, @OLD_FOREIGN_KEY_CHECKS) */;
/*!40101 SET CHARACTER_SET_CLIENT=@OLD_CHARACTER_SET_CLIENT */;
